player,wins,losses,matches
Adam Chadaj,3.0,4.0,7.0
Adam Feeney,5.0,10.0,15.0
Adam Pavlasek,14.0,18.0,32.0
Adam Vejmelka,2.0,4.0,6.0
Adrian Cruciat,5.0,9.0,14.0
Adrian Garcia,13.0,30.0,43.0
Adrian Mannarino,209.0,203.0,412.0
Adrian Menendez-Maceiras,72.0,81.0,153.0
Adrian Sikora,3.0,3.0,6.0
Adrian Ungur,44.0,66.0,110.0
Adrian Voinea,49.0,78.0,127.0
Adrien Bossel,8.0,15.0,23.0
Agustin Calleri,134.0,134.0,268.0
Agustin Velotti,13.0,23.0,36.0
Aisam-Ul-Haq Qureshi,27.0,24.0,51.0
Akash Wagh,1.0,6.0,7.0
Akira Santillan,11.0,15.0,26.0
Alan Mackin,5.0,9.0,14.0
Albano Olivetti,19.0,25.0,44.0
Albert Costa,151.0,120.0,271.0
Albert Montanes,223.0,246.0,469.0
Albert Portas,91.0,128.0,219.0
Albert Ramos-Vinolas,242.0,227.0,469.0
Alberto Berasategui,23.0,34.0,57.0
Alberto Brizzi,7.0,11.0,18.0
Alberto Francis,3.0,6.0,9.0
Alberto Martin,185.0,197.0,382.0
Aldin Setkic,16.0,36.0,52.0
Alejandro Davidovich Fokina,14.0,13.0,27.0
Alejandro Falla,163.0,173.0,336.0
Alejandro Gonzalez,47.0,62.0,109.0
Alejandro Hernandez,1.0,7.0,8.0
Aleksandar Vukic,4.0,3.0,7.0
Aleksandr Nedovyesov,24.0,41.0,65.0
Alessandro Bega,4.0,6.0,10.0
Alessandro Giannessi,47.0,59.0,106.0
Alessio Di Mauro,23.0,40.0,63.0
Alex Bogdanovic,30.0,44.0,74.0
Alex Bogomolov Jr.,107.0,115.0,222.0
Alex Bolt,32.0,34.0,66.0
Alex Calatrava,44.0,73.0,117.0
Alex Corretja,153.0,100.0,253.0
Alex Kim,7.0,23.0,30.0
Alex Kuznetsov,71.0,78.0,149.0
Alex Lopez Moron,3.0,11.0,14.0
Alex O'Brien,5.0,13.0,18.0
Alex de Minaur,63.0,49.0,112.0
Alexandar Lazarov,2.0,4.0,6.0
Alexandar Lazov,6.0,12.0,18.0
Alexander Bublik,29.0,34.0,63.0
Alexander Flock,4.0,7.0,11.0
Alexander Kudryavtsev,56.0,51.0,107.0
Alexander Lobkov,5.0,11.0,16.0
Alexander Peya,56.0,59.0,115.0
Alexander Popp,29.0,45.0,74.0
Alexander Ritschard,3.0,3.0,6.0
Alexander Sadecky,6.0,11.0,17.0
Alexander Sarkissian,16.0,16.0,32.0
Alexander Satschko,5.0,6.0,11.0
Alexander Slabinsky,4.0,9.0,13.0
Alexander Vasilenko,2.0,5.0,7.0
Alexander Ward,11.0,17.0,28.0
Alexander Waske,25.0,51.0,76.0
Alexander Zhurbin,1.0,5.0,6.0
Alexander Zverev,195.0,103.0,298.0
Alexandr Dolgopolov,208.0,184.0,392.0
Alexandre Muller,2.0,5.0,7.0
Alexandre Penaud,2.0,4.0,6.0
Alexandre Sidorenko,31.0,31.0,62.0
Alexandre Simoni,7.0,18.0,25.0
Alexei Popyrin,25.0,28.0,53.0
Alexey Vatutin,20.0,30.0,50.0
Aljaz Bedene,126.0,122.0,248.0
Alun Jones,8.0,19.0,27.0
Amer Delic,58.0,66.0,124.0
Amir Weintraub,18.0,33.0,51.0
Andis Juska,4.0,9.0,13.0
Andre Agassi,262.0,72.0,334.0
Andre Begemann,11.0,22.0,33.0
Andre Gaspar Murta,3.0,3.0,6.0
Andre Ghem,32.0,39.0,71.0
Andre Sa,45.0,92.0,137.0
Andrea Arnaboldi,39.0,47.0,86.0
Andrea Collarini,8.0,22.0,30.0
Andrea Gaudenzi,44.0,70.0,114.0
Andrea Stoppini,19.0,19.0,38.0
Andreas Beck,71.0,71.0,142.0
Andreas Haider-Maurer,64.0,91.0,155.0
Andreas Seppi,317.0,316.0,633.0
Andreas Vinciguerra,64.0,63.0,127.0
Andrei Cherkasov,3.0,9.0,12.0
Andrei Gorban,3.0,6.0,9.0
Andrei Medvedev,42.0,46.0,88.0
Andrei Pavel,177.0,166.0,343.0
Andrei Stoliarov,27.0,47.0,74.0
Andrej Martin,35.0,46.0,81.0
Andres Artunedo Martinavarro,3.0,3.0,6.0
Andres Molteni,10.0,16.0,26.0
Andrew Anderson,6.0,4.0,10.0
Andrew Carter,1.0,9.0,10.0
Andrew Coelho,2.0,6.0,8.0
Andrew Harris,2.0,4.0,6.0
Andrew Ilie,59.0,75.0,134.0
Andrew Whittington,7.0,14.0,21.0
Andrey Golubev,104.0,135.0,239.0
Andrey Kumantsov,7.0,9.0,16.0
Andrey Kuznetsov,111.0,97.0,208.0
Andrey Rublev,99.0,88.0,187.0
Andy Murray,499.0,148.0,647.0
Andy Ram,1.0,7.0,8.0
Andy Roddick,397.0,135.0,532.0
Ante Pavic,30.0,35.0,65.0
Antoine Hoang,11.0,15.0,26.0
Anton Zaitcev,2.0,7.0,9.0
Antonio Sancic,2.0,6.0,8.0
Antonio Veic,59.0,58.0,117.0
Antony Dupuis,68.0,96.0,164.0
Arnau Brugues-Davi,14.0,25.0,39.0
Arnaud Boetsch,1.0,5.0,6.0
Arnaud Clement,229.0,243.0,472.0
Arnaud Di Pasquale,56.0,77.0,133.0
Artem Sitak,16.0,27.0,43.0
Arthur De Greef,18.0,19.0,37.0
Arvind Parmar,11.0,17.0,28.0
Aslan Karatsev,20.0,22.0,42.0
Attila Balazs,15.0,16.0,31.0
Attila Savolt,23.0,37.0,60.0
Augustin Gensse,15.0,15.0,30.0
Austin Krajicek,44.0,47.0,91.0
Axel Michon,12.0,21.0,33.0
Axel Pretzsch,9.0,19.0,28.0
Barry Cowan,3.0,10.0,13.0
Bartolome Salva-Vidal,3.0,8.0,11.0
Bastian Knittel,21.0,19.0,40.0
Bastian Trinker,11.0,18.0,29.0
Ben-Qiang Zhu,1.0,5.0,6.0
Benedikt Dorsch,16.0,21.0,37.0
Benjamin Balleret,16.0,34.0,50.0
Benjamin Becker,180.0,194.0,374.0
Benjamin Bonzi,4.0,8.0,12.0
Benjamin Mitchell,5.0,25.0,30.0
Benoit Paire,213.0,197.0,410.0
Bernabe Zapata Miralles,5.0,6.0,11.0
Bernard Tomic,170.0,168.0,338.0
Bernd Karbacher,12.0,17.0,29.0
Bjorn Fratangelo,53.0,52.0,105.0
Bjorn Phau,111.0,128.0,239.0
Bjorn Rehnquist,10.0,18.0,28.0
Blake Mott,5.0,7.0,12.0
Blake Strode,5.0,8.0,13.0
Blaz Kavcic,91.0,92.0,183.0
Blaz Rola,19.0,31.0,50.0
Bob Bryan,11.0,24.0,35.0
Bobby Reynolds,74.0,76.0,150.0
Bohdan Ulihrach,90.0,114.0,204.0
Boris Becker,20.0,12.0,32.0
Boris Pashanski,47.0,60.0,107.0
Borna Coric,132.0,111.0,243.0
Boy Westerhof,6.0,15.0,21.0
Bradley Klahn,45.0,60.0,105.0
Bradley Mousley,4.0,10.0,14.0
Brayden Schnur,16.0,22.0,38.0
Brendan Evans,27.0,35.0,62.0
Brett Steven,6.0,8.0,14.0
Brian Baker,23.0,36.0,59.0
Brian Dabul,14.0,29.0,43.0
Brian Vahaly,12.0,32.0,44.0
Brian Wilson,8.0,7.0,15.0
Bruno Echagaray,3.0,8.0,11.0
Bruno Soares,2.0,8.0,10.0
Brydan Klein,16.0,41.0,57.0
Byron Black,47.0,56.0,103.0
Caio Zampieri,19.0,26.0,45.0
Calvin Hemery,21.0,28.0,49.0
Cameron Norrie,57.0,51.0,108.0
Carl Bergman,4.0,5.0,9.0
Carlos Berlocq,136.0,178.0,314.0
Carlos Costa,5.0,13.0,18.0
Carlos Cuadrado,4.0,4.0,8.0
Carlos Gomez-Herrera,5.0,9.0,14.0
Carlos Moya,313.0,174.0,487.0
Carlos Poch-Gradin,4.0,8.0,12.0
Carlos Salamanca,8.0,18.0,26.0
Carlos Taberner,9.0,7.0,16.0
Carsten Ball,21.0,26.0,47.0
Casper Ruud,58.0,43.0,101.0
Catalin-Ionut Gard,6.0,9.0,15.0
Cecil Mamiit,43.0,76.0,119.0
Cedric Pioline,87.0,76.0,163.0
Cedrik-Marcel Stebe,56.0,58.0,114.0
Cem Ilkel,1.0,13.0,14.0
Charles-Antoine Brezac,7.0,8.0,15.0
Chase Buchanan,5.0,16.0,21.0
Chris Eaton,10.0,10.0,20.0
Chris Guccione,62.0,74.0,136.0
Chris Wettengel,6.0,11.0,17.0
Chris Woodruff,41.0,49.0,90.0
Christian Harrison,17.0,22.0,39.0
Christian Lindell,12.0,22.0,34.0
Christian Ruud,30.0,36.0,66.0
Christian Vinck,12.0,24.0,36.0
Christophe Rochus,117.0,164.0,281.0
Christopher Eubanks,11.0,24.0,35.0
Christopher Kas,9.0,9.0,18.0
Christopher O'Connell,2.0,6.0,8.0
Chuhan Wang,3.0,7.0,10.0
Clay Thompson,1.0,5.0,6.0
Clement Reix,8.0,11.0,19.0
Colin Ebelthite,5.0,11.0,16.0
Colin Fleming,5.0,11.0,16.0
Collin Altamirano,4.0,3.0,7.0
Conor Niland,20.0,25.0,45.0
Constant Lestienne,16.0,22.0,38.0
Corentin Moutet,16.0,27.0,43.0
Cristian Garin,49.0,37.0,86.0
Cristian Villagran,1.0,5.0,6.0
Cristiano Caratti,3.0,13.0,16.0
Cyril Saulnier,55.0,83.0,138.0
Damir Dzumhur,117.0,123.0,240.0
Danai Udomchoke,38.0,63.0,101.0
Dane Propoggia,2.0,5.0,7.0
Daniel Altmaier,5.0,5.0,10.0
Daniel Brands,138.0,125.0,263.0
Daniel Cox,14.0,22.0,36.0
Daniel Dutra da Silva,7.0,9.0,16.0
Daniel Elahi Galan,11.0,10.0,21.0
Daniel Elsner,3.0,18.0,21.0
Daniel Evans,77.0,59.0,136.0
Daniel Gimeno-Traver,146.0,183.0,329.0
Daniel King-Turner,4.0,15.0,19.0
Daniel Koellerer,26.0,32.0,58.0
Daniel Kosakowski,15.0,14.0,29.0
Daniel Masur,6.0,13.0,19.0
Daniel Munoz de la Nava,72.0,72.0,144.0
Daniel Nestor,23.0,31.0,54.0
Daniel Nguyen,5.0,9.0,14.0
Daniel Smethurst,5.0,15.0,20.0
Daniel Vacek,29.0,50.0,79.0
Daniel Yoo,2.0,6.0,8.0
Daniele Bracciali,26.0,40.0,66.0
Daniil Medvedev,131.0,70.0,201.0
Danilo Petrovic,7.0,12.0,19.0
Darian King,24.0,28.0,52.0
David Estruch,2.0,5.0,7.0
David Ferrer,574.0,284.0,858.0
David Goffin,237.0,146.0,383.0
David Guez,44.0,56.0,100.0
David Marrero,28.0,32.0,60.0
David Martin,6.0,11.0,17.0
David Nalbandian,265.0,142.0,407.0
David Prinosil,47.0,64.0,111.0
David Rice,1.0,6.0,7.0
David Sanchez,74.0,88.0,162.0
David Skoch,9.0,8.0,17.0
David Thurner,2.0,7.0,9.0
David Vega Hernandez,3.0,4.0,7.0
David Wheaton,2.0,6.0,8.0
Davide Sanguinetti,101.0,154.0,255.0
Dawid Olejniczak,5.0,6.0,11.0
Dejan Petrovic,2.0,5.0,7.0
Denis Gremelmayr,57.0,64.0,121.0
Denis Istomin,191.0,233.0,424.0
Denis Kudla,134.0,127.0,261.0
Denis Matsukevich,13.0,16.0,29.0
Denis Shapovalov,65.0,54.0,119.0
Deniss Pavlovs,2.0,4.0,6.0
Dennis Bloemke,3.0,6.0,9.0
Dennis Lajola,5.0,5.0,10.0
Dennis Novak,31.0,24.0,55.0
Dennis Novikov,34.0,41.0,75.0
Dennis Van Scheppingen,20.0,35.0,55.0
Denys Molchanov,17.0,25.0,42.0
Devin Britton,2.0,6.0,8.0
Di Wu,17.0,35.0,52.0
Dick Norman,20.0,42.0,62.0
Didac Perez,1.0,5.0,6.0
Diego Hartfield,23.0,28.0,51.0
Diego Junqueira,41.0,46.0,87.0
Diego Nargiso,5.0,6.0,11.0
Diego Schwartzman,154.0,122.0,276.0
Dieter Kindlmann,31.0,32.0,63.0
Dimitar Kutrovsky,5.0,4.0,9.0
Dino Marcan,4.0,11.0,15.0
Dinu Pescariu,7.0,14.0,21.0
Divij Sharan,1.0,6.0,7.0
Dmitri Sitak,3.0,7.0,10.0
Dmitry Popko,3.0,8.0,11.0
Dmitry Tursunov,192.0,176.0,368.0
Dominic Inglot,8.0,5.0,13.0
Dominic Thiem,256.0,120.0,376.0
Dominik Hrbaty,231.0,201.0,432.0
Dominik Koepfer,14.0,14.0,28.0
Dominik Meffert,37.0,42.0,79.0
Donald Young,161.0,182.0,343.0
Duckhee Lee,10.0,14.0,24.0
Dudi Sela,127.0,156.0,283.0
Duje Kekez,5.0,8.0,13.0
Dusan Lajovic,162.0,161.0,323.0
Dusan Lojda,8.0,18.0,26.0
Dusan Vemic,28.0,35.0,63.0
Dustin Brown,119.0,121.0,240.0
Dzmitry Zhyrmont,5.0,7.0,12.0
Edgardo Massa,4.0,12.0,16.0
Edouard Roger-Vasselin,136.0,140.0,276.0
Eduardo Nicolas,3.0,3.0,6.0
Eduardo Schwank,68.0,73.0,141.0
Eduardo Struvay,3.0,9.0,12.0
Edward Corrie,3.0,8.0,11.0
Edwin Kempes,10.0,10.0,20.0
Egor Gerasimov,34.0,41.0,75.0
Elias Ymer,51.0,55.0,106.0
Elliot Benchetrit,3.0,12.0,15.0
Emilio Benfele Alvarez,3.0,14.0,17.0
Emilio Gomez,6.0,9.0,15.0
Enrico Burzi,3.0,5.0,8.0
Enrique Lopez Perez,10.0,28.0,38.0
Enzo Couacaud,7.0,10.0,17.0
Eric Butorac,6.0,12.0,18.0
Eric Nunez,3.0,7.0,10.0
Eric Prodon,8.0,25.0,33.0
Eric Quigley,6.0,10.0,16.0
Eric Taino,8.0,14.0,22.0
Erik Chvojka,12.0,23.0,35.0
Ernesto Escobedo,40.0,39.0,79.0
Ernests Gulbis,214.0,202.0,416.0
Ervin Eleskovic,7.0,9.0,16.0
Evan King,9.0,18.0,27.0
Evan Song,3.0,5.0,8.0
Evgeny Donskoy,92.0,128.0,220.0
Evgeny Karlovskiy,4.0,10.0,14.0
Evgeny Kirillov,8.0,16.0,24.0
Evgeny Korolev,110.0,107.0,217.0
Fabiano De Paula,3.0,10.0,13.0
Fabio Fognini,306.0,261.0,567.0
Fabrice Martin,8.0,19.0,27.0
Fabrice Santoro,210.0,188.0,398.0
Facundo Arguello,29.0,36.0,65.0
Facundo Bagnis,86.0,86.0,172.0
Facundo Mena,3.0,5.0,8.0
Fajing Sun,1.0,6.0,7.0
Farrukh Dustov,27.0,44.0,71.0
Federico Browne,10.0,12.0,22.0
Federico Coria,4.0,8.0,12.0
Federico Delbonis,141.0,143.0,284.0
Federico Gaio,17.0,24.0,41.0
Federico Luzzi,23.0,32.0,55.0
Fedor Chervyakov,3.0,3.0,6.0
Feliciano Lopez,385.0,347.0,732.0
Felix Auger-Aliassime,48.0,33.0,81.0
Felix Mantilla,147.0,116.0,263.0
Fernando Gonzalez,283.0,147.0,430.0
Fernando Meligeni,77.0,87.0,164.0
Fernando Verdasco,428.0,313.0,741.0
Fernando Vicente,120.0,156.0,276.0
Filip Dewulf,7.0,11.0,18.0
Filip Horansky,6.0,5.0,11.0
Filip Krajinovic,89.0,78.0,167.0
Filip Peliwo,9.0,21.0,30.0
Filip Polasek,2.0,5.0,7.0
Filip Prpic,18.0,15.0,33.0
Filip Veger,6.0,9.0,15.0
Filippo Baldi,6.0,6.0,12.0
Filippo Volandri,131.0,190.0,321.0
Finn Tearney,2.0,6.0,8.0
Flavio Cipolla,101.0,109.0,210.0
Flavio Saretta,53.0,63.0,116.0
Florent Serra,132.0,156.0,288.0
Florian Mayer,198.0,210.0,408.0
Florian Reynet,3.0,5.0,8.0
Florin Mergea,1.0,5.0,6.0
Frances Tiafoe,66.0,75.0,141.0
Francesco Aldi,9.0,18.0,27.0
Francesco Piccari,3.0,5.0,8.0
Francisco Clavet,88.0,92.0,180.0
Franco Ferreiro,11.0,8.0,19.0
Franco Squillari,96.0,102.0,198.0
Frank Dancevic,126.0,112.0,238.0
Frank Moser,9.0,25.0,34.0
Franko Skugor,54.0,54.0,108.0
Frantisek Cermak,26.0,38.0,64.0
Fred Gil,82.0,82.0,164.0
Fred Simonsson,2.0,7.0,9.0
Frederic Niemeyer,12.0,25.0,37.0
Frederico Ferreira Silva,1.0,10.0,11.0
Frederik Nielsen,26.0,26.0,52.0
Fredrik Jonsson,8.0,19.0,27.0
Fritz Wolmarans,12.0,19.0,31.0
G.D. Jones,4.0,3.0,7.0
Gabriel Trifu,4.0,6.0,10.0
Gabriel Trujillo-Soler,4.0,8.0,12.0
Gael Monfils,387.0,212.0,599.0
Galo Blanco,68.0,90.0,158.0
Gary Lugassy,1.0,10.0,11.0
Gastao Elias,58.0,80.0,138.0
Gaston Etlis,5.0,15.0,20.0
Gaston Gaudio,211.0,147.0,358.0
Gavin Van Peperzeel,1.0,6.0,7.0
Geoff Grant,3.0,6.0,9.0
Geoffrey Blancaneaux,2.0,7.0,9.0
George Bastl,65.0,111.0,176.0
George Morgan,1.0,6.0,7.0
Gerald Melzer,48.0,49.0,97.0
Gerard Granollers,8.0,22.0,30.0
Germain Gigounon,6.0,8.0,14.0
German Puentes,8.0,19.0,27.0
Gian Marco Moroni,3.0,5.0,8.0
Giancarlo Petrazzuolo,3.0,6.0,9.0
Gianluca Mager,2.0,4.0,6.0
Gianluca Naso,36.0,46.0,82.0
Gianluca Pozzi,40.0,62.0,102.0
Gianluigi Quinzi,4.0,12.0,16.0
Gianni Mina,3.0,8.0,11.0
Gibril Diarra,1.0,7.0,8.0
Gilles Elseneer,8.0,15.0,23.0
Gilles Muller,186.0,183.0,369.0
Gilles Simon,371.0,261.0,632.0
Giorgio Galimberti,4.0,15.0,19.0
Giovanni Lapentti,34.0,49.0,83.0
Gleb Sakharov,9.0,16.0,25.0
Glenn Weiner,8.0,19.0,27.0
Go Soeda,74.0,107.0,181.0
Goncalo Falcao,2.0,7.0,9.0
Goncalo Oliveira,2.0,7.0,9.0
Goncalo Pereira,1.0,5.0,6.0
Gonzalo Escobar,1.0,6.0,7.0
Gonzalo Lama,5.0,13.0,18.0
Goran Ivanisevic,57.0,73.0,130.0
Goran Tosic,7.0,7.0,14.0
Gorka Fraile,8.0,14.0,22.0
Gouichi Motomura,10.0,21.0,31.0
Grant Stafford,4.0,6.0,10.0
Greg Jones,29.0,37.0,66.0
Greg Ouellette,7.0,21.0,28.0
Greg Rusedski,166.0,112.0,278.0
Grega Zemlja,61.0,71.0,132.0
Gregoire Barrere,18.0,29.0,47.0
Gregoire Burquier,6.0,19.0,25.0
Gregory Carraz,25.0,36.0,61.0
Grigor Dimitrov,264.0,165.0,429.0
Grzegorz Panfil,3.0,5.0,8.0
Guido Andreozzi,46.0,56.0,102.0
Guido Pella,124.0,112.0,236.0
Guilherme Clezar,31.0,45.0,76.0
Guillaume Raoux,18.0,31.0,49.0
Guillaume Rufin,52.0,43.0,95.0
Guillermo Alcaide,8.0,12.0,20.0
Guillermo Canas,170.0,129.0,299.0
Guillermo Coria,160.0,74.0,234.0
Guillermo Duran,3.0,10.0,13.0
Guillermo Garcia-Lopez,280.0,295.0,575.0
Guillermo Hormazabal,4.0,7.0,11.0
Guillermo Olaso,20.0,21.0,41.0
Guillermo Rivera-Aranguiz,3.0,5.0,8.0
Gustavo Kuerten,211.0,102.0,313.0
Gustavo Marcaccio,5.0,9.0,14.0
Hans Podlipnik-Castillo,5.0,22.0,27.0
Harel Levy,62.0,79.0,141.0
Harri Heliovaara,4.0,7.0,11.0
Harry Bourchier,1.0,6.0,7.0
Haydn Lewis,2.0,5.0,7.0
Hendrik Dreekmann,16.0,23.0,39.0
Henri Kontinen,6.0,6.0,12.0
Henri Laaksonen,59.0,63.0,122.0
Henrique Cunha,3.0,5.0,8.0
Hernan Gumy,21.0,31.0,52.0
Hicham Arazi,100.0,109.0,209.0
Hiroki Kondo,2.0,9.0,11.0
Hiroki Moriya,34.0,46.0,80.0
Horacio Zeballos,112.0,144.0,256.0
Horia Tecau,2.0,4.0,6.0
Hubert Hurkacz,46.0,38.0,84.0
Hugo Armando,24.0,35.0,59.0
Hugo Dellien,25.0,23.0,48.0
Hugo Nys,4.0,15.0,19.0
Hyeon Chung,74.0,61.0,135.0
Hyun-Woo Nam,6.0,4.0,10.0
Hyung-Taik Lee,98.0,119.0,217.0
Igor Andreev,196.0,187.0,383.0
Igor Kornienko,2.0,4.0,6.0
Igor Kunitsyn,100.0,136.0,236.0
Igor Sijsling,84.0,95.0,179.0
Ilija Bozoljac,52.0,53.0,105.0
Illya Marchenko,113.0,111.0,224.0
Ilya Belyaev,6.0,6.0,12.0
Ilya Ivashka,40.0,42.0,82.0
Inigo Cervantes,45.0,69.0,114.0
Ion Moldovan,1.0,6.0,7.0
Irakli Labadze,31.0,61.0,92.0
Isak Arvidsson,6.0,7.0,13.0
Ivan Dodig,140.0,144.0,284.0
Ivan Ljubicic,283.0,208.0,491.0
Ivan Miranda,11.0,15.0,26.0
Ivan Navarro,74.0,98.0,172.0
Ivan Nedelko,3.0,12.0,15.0
Ivan Sergeyev,15.0,26.0,41.0
Ivo Heuberger,21.0,51.0,72.0
Ivo Karlovic,304.0,274.0,578.0
Ivo Klec,19.0,50.0,69.0
Ivo Minar,62.0,67.0,129.0
Izak Van der Merwe,31.0,36.0,67.0
JC Aragone,8.0,6.0,14.0
Jaan-Frederik Brunken,3.0,7.0,10.0
Jack Brasington,2.0,6.0,8.0
Jack Sock,135.0,108.0,243.0
Jacob Adaktusson,1.0,7.0,8.0
Jacob Grills,1.0,5.0,6.0
Jacobo Diaz,14.0,35.0,49.0
James Auckland,6.0,5.0,11.0
James Blake,255.0,180.0,435.0
James Duckworth,46.0,61.0,107.0
James Lemke,4.0,12.0,16.0
James McGee,21.0,31.0,52.0
James Sekulov,6.0,8.0,14.0
James Ward,57.0,86.0,143.0
Jamie Baker,24.0,28.0,52.0
Jamie Delgado,6.0,17.0,23.0
Jamie Murray,2.0,4.0,6.0
Jan Choinski,3.0,8.0,11.0
Jan Frode Andersen,1.0,6.0,7.0
Jan Hajek,57.0,80.0,137.0
Jan Hernych,140.0,141.0,281.0
Jan Kroslak,19.0,38.0,57.0
Jan Mertl,21.0,42.0,63.0
Jan Minar,13.0,19.0,32.0
Jan Satral,13.0,12.0,25.0
Jan Siemerink,41.0,57.0,98.0
Jan Vacek,24.0,44.0,68.0
Jan-Lennard Struff,147.0,155.0,302.0
Jan-Michael Gambill,123.0,129.0,252.0
Janez Semrajc,3.0,3.0,6.0
Janko Tipsarevic,207.0,190.0,397.0
Jannik Sinner,7.0,8.0,15.0
Jared Donaldson,67.0,70.0,137.0
Jared Palmer,3.0,4.0,7.0
Jarkko Nieminen,316.0,278.0,594.0
Jarmere Jenkins,5.0,11.0,16.0
Jaroslav Levinsky,1.0,7.0,8.0
Jaroslav Pospisil,15.0,32.0,47.0
Jason Jung,15.0,29.0,44.0
Jason Kubler,11.0,18.0,29.0
Jason Stoltenberg,57.0,42.0,99.0
Jaume Munar,40.0,47.0,87.0
Javier Marti,29.0,31.0,60.0
Javier Sanchez,3.0,9.0,12.0
Jay Clarke,7.0,11.0,18.0
Jaymon Crabb,1.0,7.0,8.0
Jean-Christophe Faurel,6.0,14.0,20.0
Jean-Claude Scherrer,6.0,11.0,17.0
Jean-Francois Bachelot,3.0,4.0,7.0
Jean-Julien Rojer,3.0,4.0,7.0
Jean-Rene Lisnard,52.0,79.0,131.0
Jeevan Nedunchezhiyan,2.0,6.0,8.0
Jeff Dadamo,2.0,4.0,6.0
Jeff Morrison,15.0,41.0,56.0
Jeff Salzenstein,10.0,23.0,33.0
Jeff Tarango,36.0,57.0,93.0
Jens Knippschild,26.0,40.0,66.0
Jeremy Chardy,246.0,225.0,471.0
Jeremy Jahn,1.0,8.0,9.0
Jerome Golmard,88.0,66.0,154.0
Jerome Haehnel,10.0,19.0,29.0
Jerzy Janowicz,87.0,91.0,178.0
Jesse Huta Galung,51.0,62.0,113.0
Jesse Levine,77.0,73.0,150.0
Jesse Witten,25.0,35.0,60.0
Jim Courier,30.0,24.0,54.0
Jim Thomas,2.0,10.0,12.0
Jimmy Wang,59.0,64.0,123.0
Jiri Novak,181.0,139.0,320.0
Jiri Vanek,62.0,100.0,162.0
Jiri Vesely,93.0,109.0,202.0
Jo-Wilfried Tsonga,364.0,171.0,535.0
Joachim Johansson,52.0,40.0,92.0
Joao Domingues,13.0,19.0,32.0
Joao Pedro Sorgi,1.0,5.0,6.0
Joao Sousa,186.0,192.0,378.0
Joao Souza,71.0,100.0,171.0
Johan Brunstrom,4.0,6.0,10.0
Johan Tatlot,2.0,5.0,7.0
Johan Van Herck,4.0,8.0,12.0
John Isner,340.0,194.0,534.0
John Millman,85.0,92.0,177.0
John Paul Fruttero,2.0,5.0,7.0
John Peers,2.0,7.0,9.0
John van Lottum,36.0,61.0,97.0
John-Patrick Smith,53.0,60.0,113.0
Jonas Bjorkman,165.0,166.0,331.0
Jonathan Dasnieres de Veigy,17.0,25.0,42.0
Jonathan Erlich,4.0,4.0,8.0
Jonathan Eysseric,13.0,40.0,53.0
Jonathan Marray,5.0,11.0,16.0
Jonathan Mridha,2.0,4.0,6.0
Jonathan Stark,3.0,8.0,11.0
Jordan Cox,3.0,5.0,8.0
Jordan Thompson,40.0,60.0,100.0
Jordi Samper-Montana,12.0,23.0,35.0
Jorge Aguilar,13.0,18.0,31.0
Joris De Loore,7.0,8.0,15.0
Jose Acasuso,154.0,140.0,294.0
Jose Antonio Sanchez-de Luna,3.0,5.0,8.0
Jose Checa-Calvo,1.0,11.0,12.0
Jose De Armas,1.0,6.0,7.0
Jose Hernandez-Fernandez,4.0,7.0,11.0
Jose Pereira,1.0,9.0,10.0
Jose-Ricardo Nunes,2.0,6.0,8.0
Joseph Sirianni,27.0,33.0,60.0
Josh Goodall,7.0,24.0,31.0
Joshua Milton,9.0,14.0,23.0
Josko Topic,5.0,11.0,16.0
Josselin Ouanna,43.0,47.0,90.0
Jozef Kovalik,57.0,58.0,115.0
Juan Albert Viloca-Puig,5.0,8.0,13.0
Juan Antonio Marin,47.0,79.0,126.0
Juan Balcells,34.0,37.0,71.0
Juan Carlos Ferrero,340.0,188.0,528.0
Juan Ignacio Chela,259.0,213.0,472.0
Juan Ignacio Londero,35.0,36.0,71.0
Juan Lizariturry,3.0,6.0,9.0
Juan Martin del Potro,358.0,138.0,496.0
Juan Monaco,271.0,213.0,484.0
Juan Pablo Brzezicki,28.0,29.0,57.0
Juan Sebastian Cabal,9.0,19.0,28.0
Juan-Martin Aranguren,5.0,12.0,17.0
Juan-Pablo Amado,2.0,5.0,7.0
Juan-Pablo Guzman,11.0,15.0,26.0
Jules Marie,3.0,6.0,9.0
Julian Alonso,10.0,22.0,32.0
Julian Knowle,12.0,22.0,34.0
Julian Lenz,3.0,4.0,7.0
Julian Reister,65.0,63.0,128.0
Julien Benneteau,246.0,234.0,480.0
Julien Boutter,48.0,58.0,106.0
Julien Jeanpierre,4.0,8.0,12.0
Julien Mathieu,2.0,4.0,6.0
Julien Varlet,3.0,6.0,9.0
Julio Cesar Campozano,4.0,6.0,10.0
Julio Peralta,2.0,4.0,6.0
Julio Silva,23.0,35.0,58.0
Jurgen Melzer,271.0,247.0,518.0
Jurgen Zopp,67.0,67.0,134.0
Jurij Rodionov,2.0,5.0,7.0
Justin Gimelstob,67.0,98.0,165.0
Justin O'Neal,3.0,3.0,6.0
KJ Hippensteel,6.0,9.0,15.0
Kaden Hensel,2.0,4.0,6.0
Kamil Capkovic,6.0,12.0,18.0
Kamil Majchrzak,6.0,11.0,17.0
Karan Rastogi,2.0,9.0,11.0
Karen Khachanov,111.0,88.0,199.0
Karim Alami,53.0,68.0,121.0
Karol Beck,64.0,101.0,165.0
Karol Kucera,117.0,91.0,208.0
Karsten Braasch,3.0,3.0,6.0
Kei Nishikori,371.0,165.0,536.0
Ken Skupski,3.0,5.0,8.0
Kenneth Carlsen,89.0,109.0,198.0
Kenny De Schepper,88.0,100.0,188.0
Kevin Anderson,306.0,184.0,490.0
Kevin Kim,64.0,97.0,161.0
Kevin King,15.0,19.0,34.0
Kevin Krawietz,8.0,22.0,30.0
Kevin Ullyett,9.0,12.0,21.0
Kimmer Coppejans,17.0,32.0,49.0
Konstantin Kravchuk,50.0,51.0,101.0
Konstantinos Economidis,15.0,23.0,38.0
Kristian Pless,41.0,77.0,118.0
Kristijan Mesaros,5.0,14.0,19.0
Kristof Vliegen,65.0,94.0,159.0
Kyle Edmund,107.0,89.0,196.0
Kyu Tae Im,8.0,14.0,22.0
Lamine Ouahab,21.0,27.0,48.0
Lars Burgsmuller,64.0,108.0,172.0
Lars Poerschke,3.0,4.0,7.0
Laslo Djere,46.0,50.0,96.0
Laurence Tieleman,22.0,35.0,57.0
Laurent Lokoli,8.0,6.0,14.0
Laurent Recouderc,25.0,33.0,58.0
Laurent Rochette,9.0,14.0,23.0
Laurynas Grigelis,13.0,20.0,33.0
Leander Paes,14.0,21.0,35.0
Lee Childs,4.0,4.0,8.0
Leonardo Azzaro,1.0,7.0,8.0
Leonardo Kirche,3.0,6.0,9.0
Leonardo Mayer,167.0,176.0,343.0
Leonardo Tavares,6.0,14.0,20.0
Leos Friedl,7.0,10.0,17.0
Lester Cook,1.0,14.0,15.0
Liam Broady,14.0,24.0,38.0
Liam Caruana,1.0,6.0,7.0
Lionel Roux,7.0,14.0,21.0
Lleyton Hewitt,424.0,187.0,611.0
Lloyd Harris,14.0,23.0,37.0
Lorenzo Giustino,24.0,29.0,53.0
Lorenzo Manta,10.0,16.0,26.0
Lorenzo Sonego,42.0,34.0,76.0
Louk Sorensen,26.0,24.0,50.0
Lovro Zovko,8.0,19.0,27.0
Luca Margaroli,1.0,5.0,6.0
Luca Vanni,32.0,44.0,76.0
Lucas Arnold Ker,4.0,9.0,13.0
Lucas Miedler,5.0,6.0,11.0
Lucas Pouille,120.0,103.0,223.0
Lucas Renard,3.0,8.0,11.0
Ludovic Walter,4.0,5.0,9.0
Luis Horna,89.0,111.0,200.0
Luis Pati√±o,1.0,10.0,11.0
Luka Gregorc,36.0,35.0,71.0
Lukas Dlouhy,34.0,65.0,99.0
Lukas Lacko,134.0,149.0,283.0
Lukas Rosol,136.0,162.0,298.0
Lukasz Kubot,127.0,134.0,261.0
Luke Saville,17.0,31.0,48.0
Mackenzie McDonald,38.0,45.0,83.0
Magnus Gustafsson,60.0,46.0,106.0
Magnus Larsson,41.0,38.0,79.0
Magnus Norman,141.0,87.0,228.0
Malek Jaziri,99.0,136.0,235.0
Manuel Sanchez,1.0,9.0,10.0
Marat Safin,287.0,176.0,463.0
Marc Fornell-Mestres,6.0,8.0,14.0
Marc Gicquel,111.0,108.0,219.0
Marc Lopez,31.0,36.0,67.0
Marc Polmans,11.0,18.0,29.0
Marc Rath,3.0,7.0,10.0
Marc Rosset,87.0,94.0,181.0
Marc Sieber,1.0,5.0,6.0
Marc-Andrea Huesler,1.0,6.0,7.0
Marc-Kevin Goellner,11.0,22.0,33.0
Marcel Felder,5.0,11.0,16.0
Marcel Granollers,206.0,223.0,429.0
Marcelo Arevalo,9.0,28.0,37.0
Marcelo Charpentier,1.0,5.0,6.0
Marcelo Demoliner,5.0,10.0,15.0
Marcelo Filippini,6.0,13.0,19.0
Marcelo Melo,2.0,9.0,11.0
Marcelo Rios,131.0,76.0,207.0
Marcin Gawron,4.0,4.0,8.0
Marco Cecchinato,92.0,90.0,182.0
Marco Chiudinelli,102.0,119.0,221.0
Marco Crugnola,25.0,28.0,53.0
Marco Trungelliti,55.0,53.0,108.0
Marcos Baghdatis,264.0,225.0,489.0
Marcos Daniel,21.0,50.0,71.0
Marcos Giron,13.0,21.0,34.0
Marcos Ondruska,1.0,10.0,11.0
Marcus Daniell,4.0,10.0,14.0
Marcus Willis,9.0,9.0,18.0
Mardy Fish,224.0,162.0,386.0
Marek Michalicka,1.0,7.0,8.0
Marek Semjan,3.0,7.0,10.0
Mariano Hood,4.0,5.0,9.0
Mariano Puerta,89.0,83.0,172.0
Mariano Zabaleta,139.0,150.0,289.0
Marin Cilic,384.0,199.0,583.0
Marinko Matosevic,94.0,109.0,203.0
Mario Ancic,153.0,92.0,245.0
Marius Copil,116.0,125.0,241.0
Mark Knowles,2.0,4.0,6.0
Mark Nielsen,1.0,7.0,8.0
Mark Philippoussis,135.0,91.0,226.0
Mark Verryth,1.0,6.0,7.0
Mark Woodforde,16.0,28.0,44.0
Marko Djokovic,1.0,7.0,8.0
Marko Tepavac,2.0,5.0,7.0
Marko Tkalec,2.0,6.0,8.0
Markus Hantschk,24.0,32.0,56.0
Markus Hipfl,40.0,52.0,92.0
Marsel Ilhan,94.0,102.0,196.0
Martin Alund,28.0,31.0,59.0
Martin Damm,30.0,44.0,74.0
Martin Emmrich,4.0,4.0,8.0
Martin Fischer,76.0,59.0,135.0
Martin Klizan,159.0,132.0,291.0
Martin Lee,11.0,18.0,29.0
Martin Rodriguez,13.0,27.0,40.0
Martin Sinner,5.0,4.0,9.0
Martin Slanar,7.0,8.0,15.0
Martin Vaisse,3.0,6.0,9.0
Martin Vassallo Arguello,38.0,67.0,105.0
Martin Verkerk,54.0,58.0,112.0
Marton Fucsovics,86.0,88.0,174.0
Marzio Martelli,2.0,7.0,9.0
Mashiska Washington,2.0,5.0,7.0
Massimo Dell'Acqua,3.0,8.0,11.0
Mate Delic,12.0,16.0,28.0
Mate Pavic,21.0,30.0,51.0
Mathias Bourgue,19.0,25.0,44.0
Mathieu Montcourt,11.0,18.0,29.0
Mathieu Rodrigues,3.0,14.0,17.0
Matija Pecotic,2.0,6.0,8.0
Mats Moraing,5.0,11.0,16.0
Matt Reid,13.0,33.0,46.0
Matteo Berrettini,69.0,44.0,113.0
Matteo Donati,13.0,21.0,34.0
Matteo Trevisan,3.0,5.0,8.0
Matteo Viola,42.0,54.0,96.0
Matthew Barton,19.0,24.0,43.0
Matthew Ebden,119.0,134.0,253.0
Matthias Bachinger,129.0,121.0,250.0
Matwe Middelkoop,20.0,32.0,52.0
Mauricio Hadad,4.0,3.0,7.0
Maverick Banes,1.0,10.0,11.0
Max Mirnyi,169.0,170.0,339.0
Max Purcell,4.0,8.0,12.0
Maxim Dubarenco,1.0,5.0,6.0
Maxime Authom,21.0,21.0,42.0
Maxime Bonami,1.0,5.0,6.0
Maxime Chazal,2.0,9.0,11.0
Maxime Hamou,3.0,9.0,12.0
Maxime Janvier,9.0,14.0,23.0
Maxime Teixeira,26.0,27.0,53.0
Maximilian Abel,2.0,9.0,11.0
Maximilian Marterer,45.0,53.0,98.0
Maximilian Neuchrist,3.0,10.0,13.0
Maximo Gonzalez,69.0,79.0,148.0
Mehdi Tahiri,1.0,5.0,6.0
Mehdi Ziadi,1.0,6.0,7.0
Melle Van Gemerden,3.0,7.0,10.0
Michael Berrer,181.0,162.0,343.0
Michael Chang,73.0,72.0,145.0
Michael Kohlmann,19.0,45.0,64.0
Michael Lammer,31.0,42.0,73.0
Michael Linzer,9.0,14.0,23.0
Michael Llodra,149.0,171.0,320.0
Michael McClune,13.0,23.0,36.0
Michael Mmoh,22.0,31.0,53.0
Michael Quintero,1.0,5.0,6.0
Michael Russell,114.0,144.0,258.0
Michael Ryderstedt,14.0,16.0,30.0
Michael Shabaz,5.0,7.0,12.0
Michael Tebbutt,3.0,6.0,9.0
Michael Venus,15.0,24.0,39.0
Michael Yani,43.0,45.0,88.0
Michal Konecny,1.0,7.0,8.0
Michal Mertinak,19.0,22.0,41.0
Michal Przysiezny,62.0,81.0,143.0
Michal Tabara,34.0,38.0,72.0
Michel Koning,4.0,6.0,10.0
Michel Kratochvil,51.0,68.0,119.0
Micke Kontinen,3.0,6.0,9.0
Miguel Angel Lopez Jaen,14.0,15.0,29.0
Mikael Tillstrom,36.0,35.0,71.0
Mikael Ymer,5.0,9.0,14.0
Mikal Statham,1.0,5.0,6.0
Mike Bryan,3.0,7.0,10.0
Mikhail Biryukov,4.0,4.0,8.0
Mikhail Elgin,22.0,37.0,59.0
Mikhail Fufygin,1.0,5.0,6.0
Mikhail Kukushkin,180.0,190.0,370.0
Mikhail Ledovskikh,34.0,40.0,74.0
Mikhail Youzhny,402.0,334.0,736.0
Miljan Zekic,9.0,17.0,26.0
Milos Raonic,282.0,133.0,415.0
Milos Sekulic,6.0,8.0,14.0
Miloslav Mecir,17.0,13.0,30.0
Miomir Kecmanovic,26.0,29.0,55.0
Mirza Basic,57.0,70.0,127.0
Mischa Zverev,207.0,230.0,437.0
Mitchell Frank,2.0,8.0,10.0
Mitchell Krueger,21.0,30.0,51.0
Mohamed Safwat,17.0,29.0,46.0
Mohammad Ghareeb,4.0,12.0,16.0
Mohit Mayur Jayaprakash,1.0,5.0,6.0
Morgan Phillips,2.0,7.0,9.0
Mose Navarra,1.0,5.0,6.0
Mounir El Aarej,3.0,7.0,10.0
N Vijay Sundar Prashanth,5.0,12.0,17.0
N.Sriram Balaji,3.0,9.0,12.0
Nathan Healey,13.0,20.0,33.0
Nathan Thompson,5.0,7.0,12.0
Nenad Zimonjic,12.0,21.0,33.0
Neville Godwin,16.0,15.0,31.0
Nicholas Monroe,12.0,20.0,32.0
Nick Kyrgios,125.0,76.0,201.0
Nick Lindahl,19.0,23.0,42.0
Nicklas Kulti,11.0,15.0,26.0
Nicola Kuhn,3.0,10.0,13.0
Nicolaas Scholtz,4.0,5.0,9.0
Nicolas Almagro,317.0,218.0,535.0
Nicolas Coutelot,13.0,17.0,30.0
Nicolas Devilder,47.0,62.0,109.0
Nicolas Escude,114.0,80.0,194.0
Nicolas Jarry,50.0,61.0,111.0
Nicolas Kicker,25.0,36.0,61.0
Nicolas Kiefer,225.0,168.0,393.0
Nicolas Lapentti,199.0,181.0,380.0
Nicolas Mahut,192.0,208.0,400.0
Nicolas Massu,200.0,179.0,379.0
Nicolas Meister,6.0,5.0,11.0
Nicolas Reissig,5.0,8.0,13.0
Nicolas Renavand,4.0,11.0,15.0
Nicolas Thomann,14.0,21.0,35.0
Nicolas Todero,3.0,5.0,8.0
Nicolas Tourte,3.0,6.0,9.0
Niels Desein,20.0,37.0,57.0
Nikola Cacic,2.0,8.0,10.0
Nikola Ciric,6.0,14.0,20.0
Nikola Mektic,27.0,38.0,65.0
Nikola Milojevic,6.0,13.0,19.0
Nikolay Davydenko,353.0,250.0,603.0
Nikoloz Basilashvili,121.0,108.0,229.0
Nils Langer,16.0,20.0,36.0
Nino Serdarusic,2.0,7.0,9.0
Noah Rubin,26.0,30.0,56.0
Noam Okun,35.0,51.0,86.0
Norbert Gombos,51.0,57.0,108.0
Novak Djokovic,691.0,138.0,829.0
Oleg Ogorodov,3.0,9.0,12.0
Oliver Golding,3.0,8.0,11.0
Oliver Gross,8.0,21.0,29.0
Oliver Marach,32.0,51.0,83.0
Olivier Charroin,1.0,5.0,6.0
Olivier Mutis,16.0,29.0,45.0
Olivier Patience,35.0,61.0,96.0
Olivier Rochus,187.0,219.0,406.0
Olivier Sajous,7.0,9.0,16.0
Omar Alawadhi,1.0,13.0,14.0
Omar Jasika,4.0,11.0,15.0
Oriol Roca Batalla,5.0,13.0,18.0
Orlin Stanoytchev,8.0,25.0,33.0
Oscar Burrieza-Lopez,4.0,8.0,12.0
Oscar Hernandez,67.0,103.0,170.0
Oscar Otte,6.0,12.0,18.0
Oscar Sabate-Bretos,2.0,5.0,7.0
Oscar Serrano,3.0,8.0,11.0
Ota Fukarek,1.0,11.0,12.0
Pablo Andujar,163.0,185.0,348.0
Pablo Carreno Busta,144.0,133.0,277.0
Pablo Cuevas,208.0,161.0,369.0
Pablo Figueroa,3.0,4.0,7.0
Pablo Galdon,7.0,7.0,14.0
Pablo Santos,2.0,5.0,7.0
Paolo Lorenzi,107.0,177.0,284.0
Paradorn Srichaphan,146.0,137.0,283.0
Patrick Rafter,103.0,44.0,147.0
Patrik Rosenholm,7.0,11.0,18.0
Paul Baccanello,3.0,8.0,11.0
Paul Capdeville,85.0,90.0,175.0
Paul Goldstein,63.0,82.0,145.0
Paul Haarhuis,9.0,20.0,29.0
Paul-Henri Mathieu,260.0,251.0,511.0
Pavel Chekhov,2.0,9.0,11.0
Pavel Krainik,1.0,8.0,9.0
Pavel Snobel,7.0,13.0,20.0
Pavol Cervenak,22.0,31.0,53.0
Pedja Krstin,20.0,23.0,43.0
Pedro Cachin,13.0,13.0,26.0
Pedro Clar-Rossello,1.0,7.0,8.0
Pedro Martinez,7.0,12.0,19.0
Pedro Sakamoto,5.0,5.0,10.0
Pedro Sousa,20.0,33.0,53.0
Pere Riba,75.0,89.0,164.0
Pete Sampras,120.0,47.0,167.0
Peter Gojowczyk,113.0,106.0,219.0
Peter Luczak,63.0,97.0,160.0
Peter Polansky,90.0,101.0,191.0
Peter Torebko,8.0,22.0,30.0
Peter Wessels,43.0,48.0,91.0
Petr Korda,15.0,16.0,31.0
Petr Luxa,1.0,12.0,13.0
Petru-Alexandru Luncanu,9.0,13.0,22.0
Philip Bester,9.0,21.0,30.0
Philipp Davydenko,9.0,19.0,28.0
Philipp Kohlschreiber,388.0,298.0,686.0
Philipp Marx,3.0,4.0,7.0
Philipp Oswald,23.0,30.0,53.0
Philipp Petzschner,107.0,111.0,218.0
Phillip King,10.0,23.0,33.0
Phillip Simmonds,11.0,18.0,29.0
Pierre-Hugues Herbert,143.0,116.0,259.0
Pierre-Ludovic Duclos,15.0,22.0,37.0
Potito Starace,132.0,169.0,301.0
Prajnesh Gunneswaran,21.0,27.0,48.0
Prakash Amritraj,33.0,39.0,72.0
Purav Raja,2.0,5.0,7.0
Quentin Halys,23.0,39.0,62.0
Radek Stepanek,317.0,225.0,542.0
Radomir Vasek,2.0,5.0,7.0
Radu Albot,113.0,106.0,219.0
Raemon Sluiter,72.0,92.0,164.0
Rafael Nadal,813.0,151.0,964.0
Rainer Eitzinger,10.0,17.0,27.0
Rainer Schuettler,267.0,249.0,516.0
Rajeev Ram,123.0,144.0,267.0
Rameez Junaid,8.0,11.0,19.0
Ramkumar Ramanathan,34.0,48.0,82.0
Ramon Delgado,53.0,75.0,128.0
Ranjeet Virali-Murugesan,1.0,5.0,6.0
Raven Klaasen,9.0,10.0,19.0
Raymond Sarmiento,3.0,4.0,7.0
Razvan Sabau,13.0,31.0,44.0
Reda El Amrani,1.0,11.0,12.0
Reilly Opelka,42.0,44.0,86.0
Remi Boutillier,3.0,3.0,6.0
Renzo Furlan,7.0,17.0,24.0
Renzo Olivo,51.0,55.0,106.0
Rhyne Williams,30.0,30.0,60.0
Ricardas Berankis,145.0,137.0,282.0
Ricardo Hocevar,24.0,29.0,53.0
Ricardo Mello,77.0,91.0,168.0
Ricardo Ojeda Lara,13.0,12.0,25.0
Riccardo Bellotti,6.0,15.0,21.0
Riccardo Ghedin,13.0,19.0,32.0
Richard Becker,2.0,4.0,6.0
Richard Bloomfield,12.0,22.0,34.0
Richard Fromberg,28.0,48.0,76.0
Richard Gasquet,427.0,243.0,670.0
Richard Krajicek,88.0,47.0,135.0
Richard Muzaev,5.0,6.0,11.0
Richey Reneberg,7.0,11.0,18.0
Rik De Voest,101.0,83.0,184.0
Robby Ginepri,170.0,164.0,334.0
Robert Farah,31.0,24.0,55.0
Robert Kendrick,55.0,70.0,125.0
Robert Smeets,11.0,20.0,31.0
Robert Yim,1.0,5.0,6.0
Roberto Bautista Agut,277.0,159.0,436.0
Roberto Carballes Baena,73.0,76.0,149.0
Roberto Carretero,3.0,3.0,6.0
Roberto Marcora,10.0,21.0,31.0
Roberto Ortega-Olmedo,5.0,10.0,15.0
Roberto Quiroz,9.0,13.0,22.0
Robin Haase,215.0,235.0,450.0
Robin Kern,5.0,12.0,17.0
Robin Olin,2.0,4.0,6.0
Robin Soderling,204.0,119.0,323.0
Robin Vik,20.0,37.0,57.0
Rodolphe Cadart,3.0,7.0,10.0
Roger Federer,968.0,206.0,1174.0
Rogerio Dutra Silva,85.0,90.0,175.0
Rogier Wassen,4.0,15.0,19.0
Rohan Bopanna,30.0,36.0,66.0
Rohan Gajjar,3.0,3.0,6.0
Roko Karanusic,33.0,45.0,78.0
Romain Arneodo,2.0,8.0,10.0
Romain Jouan,24.0,17.0,41.0
Roman Borvanov,4.0,15.0,19.0
Roman Valent,7.0,4.0,11.0
Ronald Agenor,9.0,23.0,32.0
Ross Hutchins,3.0,3.0,6.0
Ruben Bemelmans,117.0,114.0,231.0
Ruben Ramirez Hidalgo,90.0,130.0,220.0
Rubin Statham,8.0,16.0,24.0
Rudolf Molleker,4.0,11.0,15.0
Rui Machado,36.0,54.0,90.0
Ryan Harrison,171.0,157.0,328.0
Ryan Haviland,4.0,5.0,9.0
Ryan Shane,2.0,8.0,10.0
Ryan Sweeting,82.0,70.0,152.0
Ryler DeHeart,16.0,13.0,29.0
Sadik Kadir,2.0,4.0,6.0
Saketh Myneni,15.0,15.0,30.0
Salvador Navarro,3.0,3.0,6.0
Salvatore Caruso,16.0,30.0,46.0
Sam Groth,67.0,83.0,150.0
Sam Querrey,276.0,224.0,500.0
Sam Warburg,20.0,20.0,40.0
Sanam Singh,10.0,15.0,25.0
Sanchai Ratiwatana,2.0,5.0,7.0
Sandon Stolle,5.0,7.0,12.0
Santiago Giraldo,190.0,187.0,377.0
Santiago Gonzalez,13.0,32.0,45.0
Santiago Ventura,64.0,60.0,124.0
Sargis Sargsian,88.0,118.0,206.0
Sascha Kloer,4.0,5.0,9.0
Sasikumar Mukund,2.0,6.0,8.0
Satoshi Iwabuchi,5.0,10.0,15.0
Scott Draper,25.0,48.0,73.0
Scott Lipsky,10.0,24.0,34.0
Scott Oudsema,4.0,10.0,14.0
Scoville Jenkins,22.0,23.0,45.0
Sean Thornley,2.0,4.0,6.0
Sebastian Decoud,12.0,17.0,29.0
Sebastian Lavie,5.0,7.0,12.0
Sebastian Ofner,18.0,24.0,42.0
Sebastian Prieto,2.0,8.0,10.0
Sebastian Rieschick,7.0,10.0,17.0
Sebastien De Chaunac,35.0,37.0,72.0
Sebastien Grosjean,251.0,167.0,418.0
Sebastien Lareau,23.0,34.0,57.0
Sekou Bangoura,10.0,15.0,25.0
Sergei Bubka,37.0,48.0,85.0
Sergey Betov,5.0,7.0,12.0
Sergey Strelkov,2.0,4.0,6.0
Sergi Bruguera,21.0,35.0,56.0
Sergio Gutierrez-Ferrol,16.0,20.0,36.0
Sergio Roitman,18.0,50.0,68.0
Sergiy Stakhovsky,210.0,221.0,431.0
Shao-Xuan Zeng,4.0,5.0,9.0
Shuichi Sekiguchi,2.0,5.0,7.0
Simon Greul,59.0,86.0,145.0
Simon Larose,5.0,6.0,11.0
Simon Stadler,43.0,36.0,79.0
Simone Bolelli,161.0,159.0,320.0
Simone Vagnozzi,35.0,41.0,76.0
Sjeng Schalken,150.0,133.0,283.0
Slava Dosedel,41.0,46.0,87.0
Somdev Devvarman,95.0,90.0,185.0
Sonchat Ratiwatana,3.0,6.0,9.0
Soonwoo Kwon,7.0,11.0,18.0
Stan Wawrinka,402.0,222.0,624.0
Stanislav Vovk,1.0,5.0,6.0
Stefan Koubek,170.0,193.0,363.0
Stefan Kozlov,15.0,33.0,48.0
Stefan Seifert,2.0,7.0,9.0
Stefano Galvani,34.0,46.0,80.0
Stefano Ianni,1.0,7.0,8.0
Stefano Napolitano,14.0,22.0,36.0
Stefano Pescosolido,3.0,9.0,12.0
Stefano Travaglia,38.0,27.0,65.0
Stefanos Tsitsipas,117.0,62.0,179.0
Stephan Hoiss,4.0,5.0,9.0
Stephane Bohli,31.0,44.0,75.0
Stephane Huet,8.0,24.0,32.0
Stephane Robert,88.0,102.0,190.0
Steve Campbell,2.0,7.0,9.0
Steve Darcis,122.0,110.0,232.0
Steve Johnson,161.0,144.0,305.0
Steven Diez,19.0,37.0,56.0
Sumit Nagal,4.0,9.0,13.0
Sunil-Kumar Sipaeya,2.0,4.0,6.0
Takahiro Terachi,6.0,7.0,13.0
Takanyi Garanganga,12.0,18.0,30.0
Takao Suzuki,23.0,31.0,54.0
Takuto Niki,5.0,5.0,10.0
Tallon Griekspoor,4.0,7.0,11.0
Taro Daniel,93.0,91.0,184.0
Tasuku Iwami,2.0,4.0,6.0
Tatsuma Ito,87.0,100.0,187.0
Taylor Dent,140.0,102.0,242.0
Taylor Fritz,80.0,75.0,155.0
Tennys Sandgren,35.0,58.0,93.0
Teodor-Dacian Craciun,4.0,8.0,12.0
Teymuraz Gabashvili,173.0,204.0,377.0
Thai-Son Kwiatkowski,5.0,7.0,12.0
Thanasi Kokkinakis,57.0,48.0,105.0
Theodoros Angelinos,3.0,8.0,11.0
Thiago Alves,33.0,49.0,82.0
Thiago Monteiro,49.0,67.0,116.0
Thiago Seyboth Wild,1.0,6.0,7.0
Thiemo de Bakker,103.0,99.0,202.0
Thierry Ascione,41.0,50.0,91.0
Thierry Guardiola,2.0,7.0,9.0
Thomas Blake,2.0,5.0,7.0
Thomas Enqvist,151.0,113.0,264.0
Thomas Fabbiano,88.0,104.0,192.0
Thomas Johansson,194.0,162.0,356.0
Thomas Muster,5.0,15.0,20.0
Thomas Oger,3.0,12.0,15.0
Thomas Schoorel,26.0,24.0,50.0
Thomaz Bellucci,191.0,187.0,378.0
Ti Chen,16.0,34.0,50.0
Tihomir Grozdanov,2.0,4.0,6.0
Tim Henman,254.0,141.0,395.0
Tim Puetz,15.0,18.0,33.0
Tim Smyczek,155.0,131.0,286.0
Timo Nieminen,1.0,7.0,8.0
Tobias Blomgren,1.0,8.0,9.0
Tobias Clemens,3.0,11.0,14.0
Tobias Kamke,124.0,151.0,275.0
Tobias Simon,2.0,5.0,7.0
Tobias Summerer,6.0,9.0,15.0
Todd Martin,103.0,65.0,168.0
Todd Reid,10.0,16.0,26.0
Todd Widom,15.0,20.0,35.0
Todd Woodbridge,17.0,29.0,46.0
Tomas Behrend,33.0,58.0,91.0
Tomas Berdych,486.0,251.0,737.0
Tomas Cakl,7.0,10.0,17.0
Tomas Zib,41.0,78.0,119.0
Tomislav Brkic,10.0,20.0,30.0
Tommy Haas,374.0,227.0,601.0
Tommy Paul,28.0,25.0,53.0
Tommy Robredo,388.0,272.0,660.0
Toni Androic,6.0,13.0,19.0
Toshihide Matsui,7.0,13.0,20.0
Travis Parrott,3.0,5.0,8.0
Travis Rettenmaier,2.0,5.0,7.0
Treat Huey,6.0,9.0,15.0
Tristan Lamasine,14.0,23.0,37.0
Tsung-Hua Yang,16.0,28.0,44.0
Tuomas Ketola,7.0,17.0,24.0
Ugo Humbert,23.0,24.0,47.0
Uladzimir Ignatik,18.0,39.0,57.0
Uros Vico,2.0,5.0,7.0
Vaclav Safranek,7.0,11.0,18.0
Vadim Kutsenko,3.0,7.0,10.0
Valery Rudnev,12.0,14.0,26.0
Vasek Pospisil,119.0,130.0,249.0
Vasilis Mazarakis,2.0,6.0,8.0
Victor Baluda,7.0,4.0,11.0
Victor Crivoi,40.0,46.0,86.0
Victor Estrella Burgos,52.0,82.0,134.0
Victor Hanescu,176.0,196.0,372.0
Vignesh Peranamallur,1.0,6.0,7.0
Viktor Galovic,15.0,23.0,38.0
Viktor Troicki,251.0,223.0,474.0
Ville Liukko,4.0,7.0,11.0
Vincent Millot,82.0,77.0,159.0
Vincent Spadea,179.0,192.0,371.0
Vincenzo Santopadre,8.0,17.0,25.0
Vishnu Vardhan,3.0,8.0,11.0
Vladimir Voltchkov,39.0,51.0,90.0
Walter Trusendi,3.0,3.0,6.0
Wayne Arthurs,101.0,111.0,212.0
Wayne Black,19.0,34.0,53.0
Wayne Ferreira,118.0,94.0,212.0
Wayne Odesnik,79.0,81.0,160.0
Werner Eschauer,7.0,26.0,33.0
Wesley Moodie,46.0,57.0,103.0
Wesley Whitehouse,6.0,8.0,14.0
Wil Spencer,3.0,4.0,7.0
Wilson Leite,4.0,5.0,9.0
Woong-Sun Jun,26.0,29.0,55.0
Xavier Malisse,218.0,198.0,416.0
Yan Bai,5.0,12.0,17.0
Yann Marti,21.0,22.0,43.0
Yannick Hanfmann,24.0,27.0,51.0
Yannick Jankovits,3.0,6.0,9.0
Yannick Maden,32.0,27.0,59.0
Yannick Mertens,27.0,42.0,69.0
Yannik Reuter,3.0,5.0,8.0
Yasutaka Uchiyama,18.0,29.0,47.0
Yen-Hsun Lu,122.0,175.0,297.0
Yevgeny Kafelnikov,220.0,113.0,333.0
Yoshihito Nishioka,87.0,64.0,151.0
Yosuke Watanuki,7.0,6.0,13.0
Younes El Aynaoui,153.0,111.0,264.0
Yu Jr. Wang,3.0,7.0,10.0
Yuichi Sugita,107.0,115.0,222.0
Yuki Bhambri,38.0,44.0,82.0
Yuri Schukin,28.0,39.0,67.0
Yves Allegro,7.0,12.0,19.0
Zack Fleishman,16.0,27.0,43.0
Zdenek Kolar,5.0,6.0,11.0
Ze Zhang,22.0,34.0,56.0
Zeljko Krajan,4.0,18.0,22.0
Zhe Li,3.0,14.0,17.0
Zhizhen Zhang,10.0,11.0,21.0
Abdullah Maqdes,0.0,7.0,7.0
Alexander Domijan,0.0,6.0,6.0
Andre Miele,0.0,6.0,6.0
Artem Smirnov,0.0,9.0,9.0
Artur Chernov,0.0,6.0,6.0
Daniel Garza,0.0,8.0,8.0
Dimitar Kuzmanov,0.0,6.0,6.0
Fernando Romboli,0.0,12.0,12.0
Ignacio Coll-Riudavets,0.0,6.0,6.0
Jabor Al-Mutawa,0.0,7.0,7.0
Kelsey Stevenson,0.0,6.0,6.0
Lucas Gomez,0.0,7.0,7.0
Mao-Xin Gong,0.0,7.0,7.0
Markus Eriksson,0.0,9.0,9.0
Miguel Angel Reyes-Varela,0.0,6.0,6.0
Miguel Gallardo-Valles,0.0,6.0,6.0
Mousa Shanan Zayed,0.0,7.0,7.0
Sandro Ehrat,0.0,7.0,7.0
Sultan Khalfan,0.0,6.0,6.0
Tiago Fernandes,0.0,6.0,6.0
Vladimir Obradovic,0.0,8.0,8.0
William Boe-Wiegaard,0.0,8.0,8.0
